{"max_value": 1.0218946136400913, "min_value": -0.74079377671599567}